File_Name,Internal_Sample_Name,type,r2r_event,Cruise,Depth (m),Amount Filtered (L),Niskin Bottle,Dmix Concentration,Lat,Lon,Cast
QE014482.mzXML,air blank,blank,NA,NA,NA,NA,NA,1x,NA,NA,NA
QE014483.mzXML,EXPORTS2_PQC_1,QC,NA,NA,NA,NA,NA,NA,NA,NA,NA
QE014484.mzXML,JC214_11,CTD,jc214-SE-20210505.1816.001,JC214,20,1,21,1x,49.01,-14.8665,5
QE014485.mzXML,JC214_167,CTD,jc214-SE-20210525.1459.001,JC214,5,1,23,1x,48.8173,-14.7163,53
QE014486.mzXML,JC214_165,CTD,jc214-SE-20210525.1459.001,JC214,35,1,19,1x,48.8173,-14.7163,53
QE014487.mzXML,JC214_157,CTD,jc214-SE-20210525.1459.001,JC214,330,1,2,1x,48.8173,-14.7163,53
QE014488.mzXML,JC214_160,CTD,jc214-SE-20210525.1459.001,JC214,125,1,9,1x,48.8173,-14.7163,53
QE014489.mzXML,EXPORTS2_PQC_2,QC,NA,NA,NA,NA,NA,NA,NA,NA,NA
QE014490.mzXML,JC214_8,CTD,jc214-SE-20210505.1816.001,JC214,75,1,15,1x,49.01,-14.8665,5
QE014491.mzXML,JC214_166,CTD,jc214-SE-20210525.1459.001,JC214,20,1,21,1x,48.8173,-14.7163,53
QE014492.mzXML,JC214_162,CTD,jc214-SE-20210525.1459.001,JC214,100,1,12,1x,48.8173,-14.7163,53
QE014493.mzXML,JC214_159,CTD,jc214-SE-20210525.1459.001,JC214,150,1,7,1x,48.8173,-14.7163,53
QE014494.mzXML,JC214_158,CTD,jc214-SE-20210525.1459.001,JC214,175,1,5,1x,48.8173,-14.7163,53
QE014495.mzXML,EXPORTS2_PQC_3,QC,NA,NA,NA,NA,NA,NA,NA,NA,NA
QE014496.mzXML,JC214_163,CTD,jc214-SE-20210525.1459.001,JC214,75,1,14,1x,48.8173,-14.7163,53
QE014497.mzXML,JC214_161,CTD,jc214-SE-20210525.1459.001,JC214,110,1,11,1x,48.8173,-14.7163,53
QE014498.mzXML,JC214_3,CTD,jc214-SE-20210505.1816.001,JC214,175,1,6,1x,49.01,-14.8665,5
QE014499.mzXML,JC214_10,CTD,jc214-SE-20210505.1816.001,JC214,35,1,19,1x,49.01,-14.8665,5
QE014500.mzXML,JC214_9,CTD,jc214-SE-20210505.1816.001,JC214,55,1,17,1x,49.01,-14.8665,5
QE014501.mzXML,EXPORTS2_PQC_4,QC,NA,NA,NA,NA,NA,NA,NA,NA,NA
QE014502.mzXML,JC214_145,CTD,jc214-SE-20210524.1626.001,JC214,330,1,2,1x,48.9065,-14.7887,50
QE014503.mzXML,JC214_5,CTD,jc214-SE-20210505.1816.001,JC214,125,1,10,1x,49.01,-14.8665,5
QE014504.mzXML,JC214_146,CTD,jc214-SE-20210524.1626.001,JC214,175,1,5,1x,48.9065,-14.7887,50
QE014505.mzXML,JC214_4,CTD,jc214-SE-20210505.1816.001,JC214,150,1,8,1x,49.01,-14.8665,5
QE014506.mzXML,JC214_2,CTD,jc214-SE-20210505.1816.001,JC214,330,1,3,1x,49.01,-14.8665,5
QE014507.mzXML,EXPORTS2_PQC_5,QC,NA,NA,NA,NA,NA,NA,NA,NA,NA
QE014508.mzXML,JC214_198,CTD,jc214-SE-20210529.1317.001,JC214,100,1,12,1x,48.8215,-14.8387,67
QE014509.mzXML,JC214_201,CTD,jc214-SE-20210529.1317.001,JC214,35,1,19,1x,48.8215,-14.8387,67
QE014510.mzXML,JC214_7,CTD,jc214-SE-20210505.1816.001,JC214,95,1,13,1x,49.01,-14.8665,5
QE014511.mzXML,JC214_196,CTD,jc214-SE-20210529.1317.001,JC214,125,1,9,1x,48.8215,-14.8387,67
QE014512.mzXML,JC214_195,CTD,jc214-SE-20210529.1317.001,JC214,150,1,7,1x,48.8215,-14.8387,67
QE014513.mzXML,EXPORTS2_PQC_6,QC,NA,NA,NA,NA,NA,NA,NA,NA,NA
QE014514.mzXML,JC214_193,CTD,jc214-SE-20210529.1317.001,JC214,330,1,2,1x,48.8215,-14.8387,67
QE014515.mzXML,JC214_202,CTD,jc214-SE-20210529.1317.001,JC214,20,1,21,1x,48.8215,-14.8387,67
QE014516.mzXML,JC214_12,CTD,jc214-SE-20210505.1816.001,JC214,5,1,23,1x,49.01,-14.8665,5
QE014517.mzXML,JC214_148,CTD,jc214-SE-20210524.1626.001,JC214,125,1,9,1x,48.9065,-14.7887,50
QE014518.mzXML,JC214_203,CTD,jc214-SE-20210529.1317.001,JC214,5,1,23,1x,48.8215,-14.8387,67
QE014519.mzXML,EXPORTS2_PQC_7,QC,NA,NA,NA,NA,NA,NA,NA,NA,NA
QE014520.mzXML,JC214_6,CTD,jc214-SE-20210505.1816.001,JC214,110,1,12,1x,49.01,-14.8665,5
QE014521.mzXML,JC214_149,CTD,jc214-SE-20210524.1626.001,JC214,110,1,11,1x,48.9065,-14.7887,50
QE014522.mzXML,JC214_98,CTD,jc214-SE-20210518.1403.001,JC214,330,1,2,1x,48.9503,-14.8528,36
QE014523.mzXML,JC214_104,CTD,jc214-SE-20210518.1403.001,JC214,55,1,16,1x,48.9503,-14.8528,36
QE014524.mzXML,JC214_107,CTD,jc214-SE-20210518.1403.001,JC214,20,1,21,1x,48.9503,-14.8528,36
QE014525.mzXML,EXPORTS2_PQC_8,QC,NA,NA,NA,NA,NA,NA,NA,NA,NA
QE014526.mzXML,JC214_105,CTD,jc214-SE-20210518.1403.001,JC214,45,1,17,1x,48.9503,-14.8528,36
QE014527.mzXML,JC214_101,CTD,jc214-SE-20210518.1403.001,JC214,125,1,9,1x,48.9503,-14.8528,36
QE014528.mzXML,JC214_103,CTD,jc214-SE-20210518.1403.001,JC214,75,1,14,1x,48.9503,-14.8528,36
QE014529.mzXML,JC214_147,CTD,jc214-SE-20210524.1626.001,JC214,150,1,7,1x,48.9065,-14.7887,50
QE014530.mzXML,JC214_197,CTD,jc214-SE-20210529.1317.001,JC214,110,1,11,1x,48.8215,-14.8387,67
QE014531.mzXML,air blank,blank,NA,NA,NA,NA,NA,1x,NA,NA,NA
QE014532.mzXML,EXPORTS2_PQC_9,QC,NA,NA,NA,NA,NA,NA,NA,NA,NA
QE014533.mzXML,JC214_143,CTD,jc214-SE-20210522.1414.001,JC214,5,1,23,1x,48.935,-14.7378,46
QE014534.mzXML,JC214_164,CTD,jc214-SE-20210525.1459.001,JC214,55,1,16,1x,48.8173,-14.7163,53
QE014535.mzXML,JC214_102,CTD,jc214-SE-20210518.1403.001,JC214,110,1,11,1x,48.9503,-14.8528,36
QE014536.mzXML,JC214_108,CTD,jc214-SE-20210518.1403.001,JC214,5,1,23,1x,48.9503,-14.8528,36
QE014537.mzXML,JC214_150,CTD,jc214-SE-20210524.1626.001,JC214,95,1,12,1x,48.9065,-14.7887,50
QE014538.mzXML,EXPORTS2_PQC_10,QC,NA,NA,NA,NA,NA,NA,NA,NA,NA
QE014539.mzXML,JC214_199,CTD,jc214-SE-20210529.1317.001,JC214,75,1,14,1x,48.8215,-14.8387,67
QE014540.mzXML,JC214_200_2,CTD,jc214-SE-20210529.1317.001,JC214,55,1,16,1x,48.8215,-14.8387,67
QE014541.mzXML,JC214_153,CTD,jc214-SE-20210524.1626.001,JC214,35,1,19,1x,48.9065,-14.7887,50
QE014542.mzXML,JC214_154,CTD,jc214-SE-20210524.1626.001,JC214,20,1,21,1x,48.9065,-14.7887,50
QE014543.mzXML,JC214_106,CTD,jc214-SE-20210518.1403.001,JC214,35,1,19,1x,48.9503,-14.8528,36
QE014544.mzXML,EXPORTS2_PQC_11,QC,NA,NA,NA,NA,NA,NA,NA,NA,NA
QE014545.mzXML,JC214_140,CTD,jc214-SE-20210522.1414.001,JC214,45,1,17,1x,48.935,-14.7378,46
QE014546.mzXML,JC214_99,CTD,jc214-SE-20210518.1403.001,JC214,175,1,5,1x,48.9503,-14.8528,36
QE014547.mzXML,JC214_100,CTD,jc214-SE-20210518.1403.001,JC214,150,1,7,1x,48.9503,-14.8528,36
QE014548.mzXML,JC214_135,CTD,jc214-SE-20210522.1414.001,JC214,150,1,7,1x,48.935,-14.7378,46
QE014549.mzXML,JC214_155,CTD,jc214-SE-20210524.1626.001,JC214,5,1,23,1x,48.9065,-14.7887,50
QE014550.mzXML,EXPORTS2_PQC_12,QC,NA,NA,NA,NA,NA,NA,NA,NA,NA
QE014551.mzXML,JC214_194,CTD,jc214-SE-20210529.1317.001,JC214,175,1,5,1x,48.8215,-14.8387,67
QE014552.mzXML,JC214_14,CTD,jc214-SE-20210506.1658.001,JC214,330,1,3,1x,48.9155,-14.8012,9
QE014553.mzXML,JC214_15,CTD,jc214-SE-20210506.1658.001,JC214,175,1,6,1x,48.9155,-14.8012,9
QE014554.mzXML,JC214_16,CTD,jc214-SE-20210506.1658.001,JC214,150,1,8,1x,48.9155,-14.8012,9
QE014555.mzXML,JC214_18,CTD,jc214-SE-20210506.1658.001,JC214,110,1,12,1x,48.9155,-14.8012,9
QE014556.mzXML,EXPORTS2_PQC_13,QC,NA,NA,NA,NA,NA,NA,NA,NA,NA
QE014557.mzXML,JC214_19,CTD,jc214-SE-20210506.1658.001,JC214,95,1,13,1x,48.9155,-14.8012,9
QE014558.mzXML,JC214_20,CTD,jc214-SE-20210506.1658.001,JC214,75,1,15,1x,48.9155,-14.8012,9
QE014559.mzXML,JC214_21,CTD,jc214-SE-20210506.1658.001,JC214,55,1,17,1x,48.9155,-14.8012,9
QE014560.mzXML,JC214_17,CTD,jc214-SE-20210506.1658.001,JC214,125,1,10,1x,48.9155,-14.8012,9
QE014561.mzXML,JC214_24,CTD,jc214-SE-20210506.1658.001,JC214,5,1,23,1x,48.9155,-14.8012,9
QE014561_20230307114304.mzXML,EXPORTS2_PQC_14,QC,NA,NA,NA,NA,NA,NA,NA,NA,NA
QE014561_20230307122428.mzXML,JC214_22,CTD,jc214-SE-20210506.1658.001,JC214,35,1,19,1x,48.9155,-14.8012,9
QE014561_20230307130543.mzXML,JC214_33,CTD,jc214-SE-20210507.1426.002,JC214,55,1,16,1x,48.9225,-14.945,12
QE014561_20230307134658.mzXML,JC214_32,CTD,jc214-SE-20210507.1426.002,JC214,75,1,14,1x,48.9225,-14.945,12
QE014561_20230307142814.mzXML,JC214_31,CTD,jc214-SE-20210507.1426.002,JC214,95,1,12,1x,48.9225,-14.945,12
QE014561_20230307150927.mzXML,JC214_30,CTD,jc214-SE-20210507.1426.002,JC214,110,1,11,1x,48.9225,-14.945,12
QE014561_20230307155042.mzXML,EXPORTS2_PQC_15,QC,NA,NA,NA,NA,NA,NA,NA,NA,NA
QE014561_20230307163157.mzXML,JC214_29,CTD,jc214-SE-20210507.1426.002,JC214,125,1,9,1x,48.9225,-14.945,12
QE014561_20230307171313.mzXML,JC214_28,CTD,jc214-SE-20210507.1426.002,JC214,150,1,7,1x,48.9225,-14.945,12
QE014561_20230307175430.mzXML,JC214_27,CTD,jc214-SE-20210507.1426.002,JC214,175,1,5,1x,48.9225,-14.945,12
QE014561_20230307183547.mzXML,JC214_35,CTD,jc214-SE-20210507.1426.002,JC214,20,1,21,1x,48.9225,-14.945,12
QE014561_20230307191702.mzXML,JC214_26,CTD,jc214-SE-20210507.1426.002,JC214,330,1,2,1x,48.9225,-14.945,12
QE014561_20230307195818.mzXML,EXPORTS2_PQC_16,QC,NA,NA,NA,NA,NA,NA,NA,NA,NA
QE014561_20230307203933.mzXML,JC214_36,CTD,jc214-SE-20210507.1426.002,JC214,5,1,23,1x,48.9225,-14.945,12
QE014561_20230307212048.mzXML,JC214_34,CTD,jc214-SE-20210507.1426.002,JC214,35,1,19,1x,48.9225,-14.945,12
QE014561_20230307220203.mzXML,SG2105_19,CTD,20210511.1242.001,SG2105,5,1,23,1x,48.9263,-16.2542,7
QE014561_20230307224319.mzXML,SG2105_20,CTD,20210511.1242.001,SG2105,20,1,21,1x,48.9263,-16.2542,7
QE014561_20230307232434.mzXML,SG2105_21,CTD,20210511.1242.001,SG2105,35,1,19,1x,48.9263,-16.2542,7
QE014561_20230308000551.mzXML,EXPORTS2_PQC_17,QC,NA,NA,NA,NA,NA,NA,NA,NA,NA
QE014561_20230308004709.mzXML,JC214_23,CTD,jc214-SE-20210506.1658.001,JC214,20,1,21,1x,48.9155,-14.8012,9
QE014561_20230308012824.mzXML,SG2105_25,CTD,20210511.2017.001,SG2105,5,1,24,1x,49.0052,-15.0265,8
QE014561_20230308020939.mzXML,SG2105_29,CTD,20210511.2017.001,SG2105,750,1,6,1x,49.0052,-15.0265,8
QE014561_20230308025054.mzXML,SG2105_22,CTD,20210511.1242.001,SG2105,55,1,17,1x,48.9263,-16.2542,7
QE014561_20230308033208.mzXML,SG2105_24,CTD,20210511.1242.001,SG2105,75,1,13,1x,48.9263,-16.2542,7
QE014561_20230308041323.mzXML,EXPORTS2_PQC_18,QC,NA,NA,NA,NA,NA,NA,NA,NA,NA
QE014562.mzXML,SG2105_26,CTD,20210511.2017.001,SG2105,35,1,19,1x,49.0052,-15.0265,8
QE014562_20230308053552.mzXML,SG2105_27,CTD,20210511.2017.001,SG2105,75,1,14,1x,49.0052,-15.0265,8
QE014562_20230308061707.mzXML,JC214_48,CTD,jc214-SE-20210511.1543.001,JC214,5,1,23,1x,49.0195,-15.0185,14
QE014562_20230308065822.mzXML,SG2105_FT_10,Flowthrough,NA,SG2105,0,NA,NA,1x,NA,NA,NA
QE014562_20230308073939.mzXML,JC214_47,CTD,jc214-SE-20210511.1543.001,JC214,20,1,21,1x,49.0195,-15.0185,14
QE014563.mzXML,EXPORTS2_PQC_19,QC,NA,NA,NA,NA,NA,NA,NA,NA,NA
QE014564.mzXML,JC214_46,CTD,jc214-SE-20210511.1543.001,JC214,35,1,19,1x,49.0195,-15.0185,14
QE014565.mzXML,SG2105_40,CTD,20210513.1415.001,SG2105,330,2,9,1x,49.1033,-14.7485,10
QE014566.mzXML,SG2105_39,CTD,20210513.1415.001,SG2105,75,1,14,1x,49.1033,-14.7485,10
QE014567.mzXML,SG2105_37,CTD,20210513.1415.001,SG2105,5,1,24,1x,49.1033,-14.7485,10
QE014568.mzXML,SG2105_34,CTD,20210512.1111.001,SG2105,400,2,9,1x,49.1063,-14.9967,9
QE014569.mzXML,EXPORTS2_PQC_20,QC,NA,NA,NA,NA,NA,NA,NA,NA,NA
QE014570.mzXML,SG2105_33,CTD,20210512.1111.001,SG2105,75,1,14,1x,49.1063,-14.9967,9
QE014571.mzXML,SG2105_31,CTD,20210512.1111.001,SG2105,5,1,24,1x,49.1063,-14.9967,9
QE014572.mzXML,SG2105_MilliQ_Blank1,blank,NA,SG2105,NA,NA,NA,1x,NA,NA,NA
QE014573.mzXML,SG2105_MilliQ_Blank2,blank,NA,SG2105,NA,NA,NA,1x,NA,NA,NA
QE014574.mzXML,SG2105_FT_10,Flowthrough,NA,SG2105,0,NA,NA,1x,NA,NA,NA
QE014575.mzXML,EXPORTS2_PQC_21,QC,NA,NA,NA,NA,NA,NA,NA,NA,NA
QE014576.mzXML,SG2105_FT_12,Flowthrough,NA,SG2105,0,NA,NA,1x,NA,NA,NA
QE014577.mzXML,SG2105_FT_6,Flowthrough,NA,SG2105,0,NA,NA,1x,NA,NA,NA
QE014578.mzXML,SG2105_FT_1,Flowthrough,NA,SG2105,0,NA,NA,1x,NA,NA,NA
QE014579.mzXML,SG2105_32,CTD,20210512.1111.001,SG2105,20,1,19,1x,49.1063,-14.9967,9
QE014580.mzXML,SG2105_FT_17,Flowthrough,NA,SG2105,0,NA,NA,1x,NA,NA,NA
QE014581.mzXML,EXPORTS2_PQC_22,QC,NA,NA,NA,NA,NA,NA,NA,NA,NA
QE014582.mzXML,SG2105_FT_11,Flowthrough,NA,SG2105,0,NA,NA,1x,NA,NA,NA
QE014583.mzXML,SG2105_FT_14,Flowthrough,NA,SG2105,0,NA,NA,1x,NA,NA,NA
QE014584.mzXML,SG2105_FT_15,Flowthrough,NA,SG2105,0,NA,NA,1x,NA,NA,NA
QE014585.mzXML,SG2105_FT_5,Flowthrough,NA,SG2105,0,NA,NA,1x,NA,NA,NA
QE014586.mzXML,SG2105_FT_7,Flowthrough,NA,SG2105,0,NA,NA,1x,NA,NA,NA
QE014587.mzXML,EXPORTS2_PQC_23,QC,NA,NA,NA,NA,NA,NA,NA,NA,NA
QE014588.mzXML,SG2105_FT_18,Flowthrough,NA,SG2105,0,NA,NA,1x,NA,NA,NA
QE014589.mzXML,SG2105_Planktoscope_4,Planktoscope,NA,SG2105,400,Consentrated from 4L,NA,1x,NA,NA,NA
QE014590.mzXML,SG2105_Planktoscope_3,Planktoscope,NA,SG2105,200,Consentrated from 2L,NA,1x,NA,NA,NA
QE014591.mzXML,SG2105_Planktoscope_1,Planktoscope,NA,SG2105,NA,NA,NA,1x,NA,NA,NA
QE014592.mzXML,SG2105_FT_13,Flowthrough,NA,SG2105,0,NA,NA,1x,NA,NA,NA
QE014593.mzXML,EXPORTS2_PQC_24,QC,NA,NA,NA,NA,NA,NA,NA,NA,NA
QE014594.mzXML,SG2105_FT_22,Flowthrough,NA,SG2105,0,NA,NA,1x,NA,NA,NA
QE014595.mzXML,SG2105_38,CTD,20210513.1415.001,SG2105,35,1,19,1x,49.1033,-14.7485,10
QE014596.mzXML,SG2105_Planktoscope_2,Planktoscope,NA,SG2105,50,Consentrated from 1L,NA,1x,NA,NA,NA
QE014597.mzXML,SG2105_GOOP_3A,Goop,NA,SG2105,NA,NA,NA,1x,NA,NA,NA
QE014598.mzXML,SG2105_9,CTD,20210507.0144.001,SG2105,75,1,14,1x,48.965,-14.9412,4
QE014599.mzXML,EXPORTS2_PQC_25,QC,NA,NA,NA,NA,NA,NA,NA,NA,NA
QE014600.mzXML,SG2105_FT_19,Flowthrough,NA,SG2105,0,NA,NA,1x,NA,NA,NA
QE014601.mzXML,SG2105_SG1_Muck,Goop,NA,SG2105,NA,NA,NA,1x,NA,NA,NA
QE014602.mzXML,SG2105_GOOP_2A,Goop,NA,SG2105,NA,NA,NA,1x,NA,NA,NA
QE014603.mzXML,SG2105_66,CTD,20210519.0301.001,SG2105,130,1,14,1x,49.0743,-14.9973,13
QE014604.mzXML,SG2105_56,CTD,20210518.1819.001,SG2105,75,1,19,1x,48.9518,-14.806,12
QE014605.mzXML,EXPORTS2_PQC_26,QC,NA,NA,NA,NA,NA,NA,NA,NA,NA
QE014606.mzXML,SG2105_13,CTD,20210507.1435.001,SG2105,5,1,24,1x,48.9215,-14.9568,6
QE014607.mzXML,SG2105_FT_21,Flowthrough,NA,SG2105,0,NA,NA,1x,NA,NA,NA
QE014608.mzXML,SG2105_63,CTD,20210519.0301.001,SG2105,35,1,22,1x,49.0743,-14.9973,13
QE014609.mzXML,SG2105_FT_4,Flowthrough,NA,SG2105,0,NA,NA,1x,NA,NA,NA
QE014610.mzXML,SG2105_GOOP_2B,Goop,NA,SG2105,NA,NA,NA,1x,NA,NA,NA
QE014611.mzXML,EXPORTS2_PQC_27,QC,NA,NA,NA,NA,NA,NA,NA,NA,NA
QE014612.mzXML,SG2105_MilliQ_Blank_5,blank,NA,SG2105,NA,NA,NA,1x,NA,NA,NA
QE014613.mzXML,SG2105_FT_8,Flowthrough,NA,SG2105,0,NA,NA,1x,NA,NA,NA
QE014614.mzXML,SG2105_28,CTD,20210511.2017.001,SG2105,400,1,9,1x,49.0052,-15.0265,8
QE014615.mzXML,SG2105_4,CTD,20210505.2254.001,SG2105,50,1,17,1x,48.4152,-15.0147,3
QE014616.mzXML,SG2105_FT_2,Flowthrough,NA,SG2105,0,NA,NA,1x,NA,NA,NA
QE014617.mzXML,EXPORTS2_PQC_28,QC,NA,NA,NA,NA,NA,NA,NA,NA,NA
QE014618.mzXML,SG2105_MilliQ_Blank_3,blank,NA,SG2105,NA,NA,NA,1x,NA,NA,NA
QE014619.mzXML,SG2105_FT_20,Flowthrough,NA,SG2105,0,NA,NA,1x,NA,NA,NA
QE014620.mzXML,SG2105_SG1_Muck,Goop,NA,SG2105,NA,NA,NA,1x,NA,NA,NA
QE014621.mzXML,SG2105_23,CTD,20210511.1242.001,SG2105,65,1,15,1x,48.9263,-16.2542,7
QE014622.mzXML,SG2105_7,CTD,20210507.0144.001,SG2105,5,1,24,1x,48.965,-14.9412,4
QE014623.mzXML,EXPORTS2_PQC_29,QC,NA,NA,NA,NA,NA,NA,NA,NA,NA
QE014624.mzXML,SG2105_61,CTD,20210519.0301.001,SG2105,5,1,24,1x,49.0743,-14.9973,13
QE014625.mzXML,SG2105_8,CTD,20210507.0144.001,SG2105,35,1,19,1x,48.965,-14.9412,4
QE014626.mzXML,SG2105_5,CTD,20210505.2254.001,SG2105,60,1,15,1x,48.4152,-15.0147,3
QE014627.mzXML,SG2105_10,CTD,20210507.0144.001,SG2105,400,2,9,1x,48.965,-14.9412,4
QE014628.mzXML,"SG2105_15 - wrong vial position, ran 10 twice",CTD,NA,SG2105,NA,NA,NA,1x,NA,NA,NA
QE014629.mzXML,SG2105_15,CTD,20210507.1435.001,SG2105,75,1,14,1x,48.9215,-14.9568,6
QE014630.mzXML,EXPORTS2_PQC_31,QC,NA,NA,NA,NA,NA,NA,NA,NA,NA
QE014631.mzXML,SG2105_65,CTD,20210519.0301.001,SG2105,75,1,18,1x,49.0743,-14.9973,13
QE014632.mzXML,SG2105_GOOP_3B,Goop,NA,SG2105,NA,NA,NA,1x,NA,NA,NA
QE014633.mzXML,SG2105_FT_3,Flowthrough,NA,SG2105,0,NA,NA,1x,NA,NA,NA
QE014634.mzXML,SG2105_6,CTD,20210505.2254.001,SG2105,75,1,13,1x,48.4152,-15.0147,3
QE014635.mzXML,SG2105_3,CTD,20210505.2254.001,SG2105,35,1,19,1x,48.4152,-15.0147,3
QE014636.mzXML,EXPORTS2_PQC_32,QC,NA,NA,NA,NA,NA,NA,NA,NA,NA
QE014637.mzXML,SG2105_FT_24,Flowthrough,NA,SG2105,0,NA,NA,1x,NA,NA,NA
QE014639.mzXML,SG2105_67,CTD,20210519.0301.001,SG2105,200,1,10,1x,49.0743,-14.9973,13
QE014640.mzXML,SG2105_1,CTD,20210505.2254.001,SG2105,5,1,23,1x,48.4152,-15.0147,3
QE014641.mzXML,SG2105_16,CTD,20210507.1435.001,SG2105,330,1,9,1x,48.9215,-14.9568,6
QE014642.mzXML,EXPORTS2_PQC_33,QC,NA,NA,NA,NA,NA,NA,NA,NA,NA
QE014644.mzXML,SG2105_52,CTD,20210518.1819.001,SG2105,5,1,24,1x,48.9518,-14.806,12
QE014645.mzXML,SG2105_57,CTD,20210518.1819.001,SG2105,125,1,17,1x,48.9518,-14.806,12
QE014647.mzXML,SG2105_MilliQ_Blank_4,blank,NA,SG2105,NA,NA,NA,1x,NA,NA,NA
QE014648.mzXML,EXPORTS2_PQC_34,QC,NA,NA,NA,NA,NA,NA,NA,NA,NA
QE014649.mzXML,SG2105_68,CTD,20210519.0301.001,SG2105,330,2,5,1x,49.0743,-14.9973,13
QE014651.mzXML,SG2105_62,CTD,20210519.0301.001,SG2105,20,1,23,1x,49.0743,-14.9973,13
QE014652.mzXML,SG2105_64,CTD,20210519.0301.001,SG2105,65,1,19,1x,49.0743,-14.9973,13
QE014653.mzXML,JC214_49,CTD,jc214-SE-20210513.1530.001,JC214,500,1,1,10x,49.1038,-14.7548,24
QE014654.mzXML,EXPORTS2_PQC_35,QC,NA,NA,NA,NA,NA,NA,NA,NA,NA
QE014655.mzXML,SG2105_2,CTD,20210505.2254.001,SG2105,20,1,21,1x,48.4152,-15.0147,3
QE014657.mzXML,SG2105_54,CTD,20210518.1819.001,SG2105,35,1,22,1x,48.9518,-14.806,12
QE014660.mzXML,EXPORTS2_PQC_36,QC,NA,NA,NA,NA,NA,NA,NA,NA,NA
QE014661.mzXML,SG2105_14,CTD,20210507.1435.001,SG2105,35,1,19,1x,48.9215,-14.9568,6
QE014663.mzXML,SG2105_FT_23,Flowthrough,NA,SG2105,0,NA,NA,1x,NA,NA,NA
QE014664.mzXML,SG2105_55,CTD,20210518.1819.001,SG2105,65,1,20,1x,48.9518,-14.806,12
QE014665.mzXML,SG2105_53,CTD,20210518.1819.001,SG2105,20,1,23,1x,48.9518,-14.806,12
QE014666.mzXML,EXPORTS2_PQC_37,QC,NA,NA,NA,NA,NA,NA,NA,NA,NA
QE014667.mzXML,JC214_172,CTD,jc214-SE-20210526.1714.001,JC214,115,1,11,1x,48.74,-14.8723,56
QE014668.mzXML,JC214_171,CTD,jc214-SE-20210526.1714.001,JC214,145,1,10,1x,48.74,-14.8723,56
QE014669.mzXML,JC214_169,CTD,jc214-SE-20210526.1714.001,JC214,330,1,5,1x,48.74,-14.8723,56
QE014670.mzXML,JC214_39,CTD,jc214-SE-20210511.1543.001,JC214,175,1,5,1x,49.0195,-15.0185,14
QE014671.mzXML,JC214_38,CTD,jc214-SE-20210511.1543.001,JC214,330,1,2,1x,49.0195,-15.0185,14
QE014672.mzXML,EXPORTS2_PQC_38,QC,NA,NA,NA,NA,NA,NA,NA,NA,NA
QE014673.mzXML,JC214_42,CTD,jc214-SE-20210511.1543.001,JC214,110,1,11,1x,49.0195,-15.0185,14
QE014674.mzXML,JC214_59,CTD,jc214-SE-20210513.1530.001,JC214,20,1,21,1x,49.1038,-14.7548,24
QE014675.mzXML,JC214_57,CTD,jc214-SE-20210513.1530.001,JC214,45,1,17,1x,49.1038,-14.7548,24
QE014676.mzXML,JC214_56,CTD,jc214-SE-20210513.1530.001,JC214,55,1,16,1x,49.1038,-14.7548,24
QE014677.mzXML,JC214_55,CTD,jc214-SE-20210513.1530.001,JC214,75,1,14,1x,49.1038,-14.7548,24
QE014678.mzXML,EXPORTS2_PQC_39,QC,NA,NA,NA,NA,NA,NA,NA,NA,NA
QE014679.mzXML,JC214_170,CTD,jc214-SE-20210526.1714.001,JC214,200,1,9,1x,48.74,-14.8723,56
QE014680.mzXML,JC214_58,CTD,jc214-SE-20210513.1530.001,JC214,35,1,19,1x,49.1038,-14.7548,24
QE014681.mzXML,JC214_173,CTD,jc214-SE-20210526.1714.001,JC214,100,1,13,1x,48.74,-14.8723,56
QE014682.mzXML,JC214_174,CTD,jc214-SE-20210526.1714.001,JC214,75,1,14,1x,48.74,-14.8723,56
QE014683.mzXML,JC214_175,CTD,jc214-SE-20210526.1714.001,JC214,45,1,15,1x,48.74,-14.8723,56
QE014684.mzXML,EXPORTS2_PQC_40,QC,NA,NA,NA,NA,NA,NA,NA,NA,NA
QE014685.mzXML,JC214_184,CTD,jc214-SE-20210527.1310.001,JC214,125,1,9,1x,48.7835,-14.9123,57
QE014686.mzXML,JC214_176,CTD,jc214-SE-20210526.1714.001,JC214,30,1,17,1x,48.74,-14.8723,56
QE014687.mzXML,JC214_177,CTD,jc214-SE-20210526.1714.001,JC214,22,1,21,1x,48.74,-14.8723,56
QE014688.mzXML,JC214_178,CTD,jc214-SE-20210526.1714.001,JC214,7,1,24,1x,48.74,-14.8723,56
QE014689.mzXML,JC214_FieldBlank_5/26,blank,NA,JC214,NA,NA,NA,1x,NA,NA,NA
QE014690.mzXML,EXPORTS2_PQC_41,QC,NA,NA,NA,NA,NA,NA,NA,NA,NA
QE014691.mzXML,JC214_191,CTD,jc214-SE-20210527.1310.001,JC214,5,1,23,1x,48.7835,-14.9123,57
QE014692.mzXML,JC214_182,CTD,jc214-SE-20210527.1310.001,JC214,175,1,5,1x,48.7835,-14.9123,57
QE014693.mzXML,JC214_189,CTD,jc214-SE-20210527.1310.001,JC214,35,1,19,1x,48.7835,-14.9123,57
QE014694.mzXML,JC214_185,CTD,jc214-SE-20210527.1310.001,JC214,110,1,11,1x,48.7835,-14.9123,57
QE014695.mzXML,JC214_183,CTD,jc214-SE-20210527.1310.001,JC214,150,1,7,1x,48.7835,-14.9123,57
QE014696.mzXML,EXPORTS2_PQC_42,QC,NA,NA,NA,NA,NA,NA,NA,NA,NA
QE014697.mzXML,JC214_187,CTD,jc214-SE-20210527.1310.001,JC214,75,1,14,1x,48.7835,-14.9123,57
QE014698.mzXML,JC214_186,CTD,jc214-SE-20210527.1310.001,JC214,100,1,12,1x,48.7835,-14.9123,57
QE014699.mzXML,JC214_181,CTD,jc214-SE-20210527.1310.001,JC214,330,1,2,1x,48.7835,-14.9123,57
QE014700.mzXML,JC214_188,CTD,jc214-SE-20210527.1310.001,JC214,55,1,16,1x,48.7835,-14.9123,57
QE014701.mzXML,JC214_190,CTD,jc214-SE-20210527.1310.001,JC214,20,1,21,1x,48.7835,-14.9123,57
QE014702.mzXML,EXPORTS2_PQC_43,QC,NA,NA,NA,NA,NA,NA,NA,NA,NA
QE014703.mzXML,JC214_TRAP_E1_JC7H,NBST/STT,20210506.0058.001,JC214,175,NA,NA,1x,NA,NA,NA
QE014704.mzXML,JC214_TRAP_E3_JC63H,NBST/STT,20210523.0842.001,JC214,199,NA,NA,1x,NA,NA,NA
QE014705.mzXML,JC214_TRAP_E3_JC65H,NBST/STT,20210523.0840.001,JC214,502,NA,NA,1x,NA,NA,NA
QE014706.mzXML,JC214_TRAP_E1_JC5H,NBST/STT,20210506.0058.001,JC214,75,NA,NA,1x,NA,NA,NA
QE014707.mzXML,JC214_TRAP_E1_JC8H,NBST/STT,20210506.0058.001,JC214,330,NA,NA,1x,NA,NA,NA
QE014708.mzXML,EXPORTS2_PQC_44,QC,NA,NA,NA,NA,NA,NA,NA,NA,NA
QE014709.mzXML,JC214_TRAP_E3_JC64H,NBST/STT,20210523.0841.001,JC214,330,NA,NA,1x,NA,NA,NA
QE014710.mzXML,JC214_TRAP_E3_JC66H,NBST/STT,NA,JC214,NA,NA,NA,1x,NA,NA,NA
QE014711.mzXML,JC214_TRAP_E3_JC3H,NBST/STT,20210506.0110.001,JC214,178,NA,NA,1x,NA,NA,NA
QE014712.mzXML,JC214_TRAP_E3_JC5H,NBST/STT,20210506.0058.001,JC214,NA,NA,NA,1x,NA,NA,NA
QE014713.mzXML,JC214_TRAP_E3_JC52H,NBST/STT,20210523.0836.001,JC214,95,NA,NA,1x,NA,NA,NA
QE014714.mzXML,EXPORTS2_PQC_45,QC,NA,NA,NA,NA,NA,NA,NA,NA,NA
QE014715.mzXML,JC214_TRAP_E1_JC6H,NBST/STT,20210506.0058.001,JC214,125,NA,NA,1x,NA,NA,NA
QE014716.mzXML,JC214_TRAP_E1_JC9H,NBST/STT,20210506.0058.001,JC214,500,NA,NA,1x,NA,NA,NA
QE014717.mzXML,JC214_TRAP_E1_JC1H_Blank,NBST/STT,NA,NA,NA,NA,NA,NA,NA,NA,NA
QE014718.mzXML,JC214_TRAP_E1_JC4H,NBST/STT,20210506.0111.001,JC214,177,NA,NA,1x,NA,NA,NA
QE014719.mzXML,JC214_90,CTD,jc214-SE-20210517.2134.001,JC214,110,1,10,1x,48.9403,-14.8283,34
QE014720.mzXML,EXPORTS2_PQC_46,QC,NA,NA,NA,NA,NA,NA,NA,NA,NA
QE014721.mzXML,JC214_91,CTD,jc214-SE-20210517.2134.001,JC214,95,1,12,1x,48.9403,-14.8283,34
QE014722.mzXML,JC214_88,CTD,jc214-SE-20210517.2134.001,JC214,150,1,8,1x,48.9403,-14.8283,34
QE014723.mzXML,JC214_85,CTD,jc214-SE-20210517.2134.001,JC214,330,1,3,1x,48.9403,-14.8283,34
QE014724.mzXML,JC214_89,CTD,jc214-SE-20210517.2134.001,JC214,125,1,9,1x,48.9403,-14.8283,34
QE014725.mzXML,JC214_92,CTD,jc214-SE-20210517.2134.001,JC214,75,1,13,1x,48.9403,-14.8283,34
QE014726.mzXML,EXPORTS2_PQC_47,QC,NA,NA,NA,NA,NA,NA,NA,NA,NA
QE014727.mzXML,JC214_93,CTD,jc214-SE-20210517.2134.001,JC214,45,1,19,1x,48.9403,-14.8283,34
QE014728.mzXML,JC214_95,CTD,jc214-SE-20210517.2134.001,JC214,20,1,21,1x,48.9403,-14.8283,34
QE014729.mzXML,JC214_96,CTD,jc214-SE-20210517.2134.001,JC214,5,1,24,1x,48.9403,-14.8283,34
QE014730.mzXML,JC214_94,CTD,jc214-SE-20210517.2134.001,JC214,35,1,20,1x,48.9403,-14.8283,34
QE014731.mzXML,JC214_118,CTD,jc214-SE-20210519.1403.001,JC214,35,1,19,1x,48.978,-14.8217,41
QE014732.mzXML,EXPORTS2_PQC_48,QC,NA,NA,NA,NA,NA,NA,NA,NA,NA
QE014733.mzXML,JC214_119,CTD,jc214-SE-20210519.1403.001,JC214,20,1,21,1x,48.978,-14.8217,41
QE014734.mzXML,JC214_117,CTD,jc214-SE-20210519.1403.001,JC214,45,1,17,1x,48.978,-14.8217,41
QE014735.mzXML,JC214_41,CTD,jc214-SE-20210511.1543.001,JC214,125,1,9,1x,49.0195,-15.0185,14
QE014736.mzXML,JC214_40,CTD,jc214-SE-20210511.1543.001,JC214,150,1,7,1x,49.0195,-15.0185,14
QE014737.mzXML,EXPORTS2_PQC_49,QC,NA,NA,NA,NA,NA,NA,NA,NA,NA
QE014738.mzXML,JC214_50,CTD,jc214-SE-20210513.1530.001,JC214,330,1,2,1x,49.1038,-14.7548,24
QE014739.mzXML,JC214_52,CTD,jc214-SE-20210513.1530.001,JC214,150,1,7,1x,49.1038,-14.7548,24
QE014740.mzXML,JC214_53,CTD,jc214-SE-20210513.1530.001,JC214,125,1,9,1x,49.1038,-14.7548,24
QE014741.mzXML,JC214_54,CTD,jc214-SE-20210513.1530.001,JC214,110,1,11,1x,49.1038,-14.7548,24
QE014742.mzXML,JC214_51,CTD,jc214-SE-20210513.1530.001,JC214,175,1,5,1x,49.1038,-14.7548,24
QE014743.mzXML,EXPORTS2_PQC_50,QC,NA,NA,NA,NA,NA,NA,NA,NA,NA
QE014744.mzXML,JC214_60,CTD,jc214-SE-20210513.1530.001,JC214,5,1,23,1x,49.1038,-14.7548,24
QE014745.mzXML,JC214_45,CTD,jc214-SE-20210511.1543.001,JC214,55,1,16,1x,49.0195,-15.0185,14
QE014746.mzXML,JC214_FieldBlank_4/19,blank,NA,JC214,NA,NA,NA,1x,NA,NA,NA
QE014747.mzXML,JC214_111,CTD,jc214-SE-20210519.1403.001,JC214,175,1,5,1x,48.978,-14.8217,41
QE014748.mzXML,JC214_110,CTD,jc214-SE-20210519.1403.001,JC214,330,1,2,1x,48.978,-14.8217,41
QE014749.mzXML,EXPORTS2_PQC_51,QC,NA,NA,NA,NA,NA,NA,NA,NA,NA
QE014750.mzXML,JC214_112,CTD,jc214-SE-20210519.1403.001,JC214,125,1,9,1x,48.978,-14.8217,41
QE014751.mzXML,JC214_113,CTD,jc214-SE-20210519.1403.001,JC214,110,1,11,1x,48.978,-14.8217,41
QE014752.mzXML,JC214_114,CTD,jc214-SE-20210519.1403.001,JC214,95,1,12,1x,48.978,-14.8217,41
QE014753.mzXML,JC214_115,CTD,jc214-SE-20210519.1403.001,JC214,75,1,14,1x,48.978,-14.8217,41
QE014754.mzXML,JC214_116,CTD,jc214-SE-20210519.1403.001,JC214,55,1,16,1x,48.978,-14.8217,41
QE014755.mzXML,EXPORTS2_PQC_52,QC,NA,NA,NA,NA,NA,NA,NA,NA,NA
QE014756.mzXML,JC214_C31_Field_Blank,blank,NA,JC214,NA,NA,NA,1x,NA,NA,NA
QE014757.mzXML,JC214_127,CTD,jc214-SE-20210521.1524.001,JC214,55,1,16,1x,48.9253,-14.787,43
QE014758.mzXML,JC214_125,CTD,jc214-SE-20210521.1524.001,JC214,110,1,11,1x,48.9253,-14.787,43
QE014759.mzXML,JC214_126,CTD,jc214-SE-20210521.1524.001,JC214,75,1,14,1x,48.9253,-14.787,43
QE014760.mzXML,JC214_87,CTD,jc214-SE-20210517.2134.001,JC214,175,1,7,1x,48.9403,-14.8283,34
QE014761.mzXML,EXPORTS2_PQC_53,QC,NA,NA,NA,NA,NA,NA,NA,NA,NA
QE014762.mzXML,JC214_124,CTD,jc214-SE-20210521.1524.001,JC214,125,1,9,1x,48.9253,-14.787,43
QE014763.mzXML,JC214_43,CTD,jc214-SE-20210511.1543.001,JC214,95,1,12,1x,49.0195,-15.0185,14
QE014764.mzXML,JC214_123,CTD,jc214-SE-20210521.1524.001,JC214,150,1,7,1x,48.9253,-14.787,43
QE014765.mzXML,JC214_128,CTD,jc214-SE-20210521.1524.001,JC214,45,1,17,1x,48.9253,-14.787,43
QE014766.mzXML,JC214_122,CTD,jc214-SE-20210521.1524.001,JC214,175,1,5,1x,48.9253,-14.787,43
QE014767.mzXML,EXPORTS2_PQC_54,QC,NA,NA,NA,NA,NA,NA,NA,NA,NA
QE014768.mzXML,JC214_121,CTD,jc214-SE-20210521.1524.001,JC214,330,1,2,1x,48.9253,-14.787,43
QE014769.mzXML,JC214_86,CTD,jc214-SE-20210517.2134.001,JC214,195,1,6,1x,48.9403,-14.8283,34
QE014770.mzXML,JC214_Field_Blank_5_21,blank,NA,JC214,NA,NA,NA,1x,NA,NA,NA
QE014771.mzXML,JC214_70,CTD,jc214-SE-20210514.1404.001,JC214,35,1,19,1x,49.0657,-14.8167,28
QE014772.mzXML,JC214_129,CTD,jc214-SE-20210521.1524.001,JC214,35,1,19,1x,48.9253,-14.787,43
QE014773.mzXML,EXPORTS2_PQC_55,QC,NA,NA,NA,NA,NA,NA,NA,NA,NA
QE014774.mzXML,JC214_120,CTD,jc214-SE-20210519.1403.001,JC214,5,1,23,1x,48.978,-14.8217,41
QE014775.mzXML,JC214_131,CTD,jc214-SE-20210521.1524.001,JC214,5,1,23,1x,48.9253,-14.787,43
QE014776.mzXML,JC214_44,CTD,jc214-SE-20210511.1543.001,JC214,75,1,14,1x,49.0195,-15.0185,14
QE014777.mzXML,JC214_72,CTD,jc214-SE-20210514.1404.001,JC214,5,1,23,1x,49.0657,-14.8167,28
QE014778.mzXML,JC214_68,CTD,jc214-SE-20210514.1404.001,JC214,55,1,16,1x,49.0657,-14.8167,28
QE014779.mzXML,EXPORTS2_PQC_56,QC,NA,NA,NA,NA,NA,NA,NA,NA,NA
QE014780.mzXML,JC214_130,CTD,jc214-SE-20210521.1524.001,JC214,20,1,21,1x,48.9253,-14.787,43
QE014781.mzXML,JC214_71,CTD,jc214-SE-20210514.1404.001,JC214,20,1,21,1x,49.0657,-14.8167,28
QE014782.mzXML,JC214_69,CTD,jc214-SE-20210514.1404.001,JC214,45,1,17,1x,49.0657,-14.8167,28
QE014783.mzXML,JC214_37,CTD,jc214-SE-20210511.1543.001,JC214,500,1,1,1x,49.0195,-15.0185,14
QE014784.mzXML,JC214_67,CTD,jc214-SE-20210514.1404.001,JC214,75,1,14,1x,49.0657,-14.8167,28
QE014785.mzXML,EXPORTS2_PQC_57,QC,NA,NA,NA,NA,NA,NA,NA,NA,NA
QE014786.mzXML,JC214_77,CTD,jc214-SE-20210516.1356.001,JC214,125,1,9,1x,48.9712,-14.728,31
QE014787.mzXML,JC214_66,CTD,jc214-SE-20210514.1404.001,JC214,110,1,11,1x,49.0657,-14.8167,28
QE014788.mzXML,JC214_65,CTD,jc214-SE-20210514.1404.001,JC214,125,1,9,1x,49.0657,-14.8167,28
QE014789.mzXML,JC214_63,CTD,jc214-SE-20210514.1404.001,JC214,175,1,5,1x,49.0657,-14.8167,28
QE014790.mzXML,JC214_62,CTD,jc214-SE-20210514.1404.001,JC214,330,1,2,1x,49.0657,-14.8167,28
QE014791.mzXML,EXPORTS2_PQC_58,QC,NA,NA,NA,NA,NA,NA,NA,NA,NA
QE014792.mzXML,JC214_75,CTD,jc214-SE-20210516.1356.001,JC214,175,1,5,1x,48.9712,-14.728,31
QE014793.mzXML,JC214_76,CTD,jc214-SE-20210516.1356.001,JC214,150,1,7,1x,48.9712,-14.728,31
QE014794.mzXML,JC214_78,CTD,jc214-SE-20210516.1356.001,JC214,110,1,11,1x,48.9712,-14.728,31
QE014795.mzXML,JC214_79,CTD,jc214-SE-20210516.1356.001,JC214,75,1,14,1x,48.9712,-14.728,31
QE014796.mzXML,JC214_83,CTD,jc214-SE-20210516.1356.001,JC214,20,1,21,1x,48.9712,-14.728,31
QE014797.mzXML,EXPORTS2_PQC_59,QC,NA,NA,NA,NA,NA,NA,NA,NA,NA
QE014798.mzXML,JC214_74,CTD,jc214-SE-20210516.1356.001,JC214,330,1,2,1x,48.9712,-14.728,31
QE014799.mzXML,EXPORTS Extraction Blank 13,blank,NA,NA,NA,NA,NA,1x,NA,NA,NA
QE014800.mzXML,JC214_82,CTD,jc214-SE-20210516.1356.001,JC214,35,1,19,1x,48.9712,-14.728,31
QE014801.mzXML,JC214_80,CTD,jc214-SE-20210516.1356.001,JC214,55,1,16,1x,48.9712,-14.728,31
QE014802.mzXML,JC214_81,CTD,jc214-SE-20210516.1356.001,JC214,45,1,17,1x,48.9712,-14.728,31
QE014803.mzXML,EXPORTS2_PQC_60,QC,NA,NA,NA,NA,NA,NA,NA,NA,NA
QE014804.mzXML,EXPORTS Extraction Blank 18,blank,NA,NA,NA,NA,NA,1x,NA,NA,NA
QE014805.mzXML,EXPORTS Extraction Blank 12,blank,NA,NA,NA,NA,NA,1x,NA,NA,NA
QE014806.mzXML,EXPORTS Extraction Blank 14,blank,NA,NA,NA,NA,NA,1x,NA,NA,NA
QE014807.mzXML,EXPORTS Extraction Blank 11,blank,NA,NA,NA,NA,NA,1x,NA,NA,NA
QE014808.mzXML,EXPORTS Extraction Blank 8,blank,NA,NA,NA,NA,NA,1x,NA,NA,NA
QE014809.mzXML,EXPORTS Extraction Blank 10,blank,NA,NA,NA,NA,NA,1x,NA,NA,NA
QE014810.mzXML,EXPORTS Extraction Blank 19,blank,NA,NA,NA,NA,NA,1x,NA,NA,NA
QE014811.mzXML,EXPORTS Extraction Blank 7,blank,NA,NA,NA,NA,NA,1x,NA,NA,NA
QE014812.mzXML,EXPORTS Extraction Blank 4,blank,NA,NA,NA,NA,NA,1x,NA,NA,NA
QE014813.mzXML,JC214_64,CTD,jc214-SE-20210514.1404.001,JC214,150,1,7,1x,49.0657,-14.8167,28
QE014814.mzXML,JC214_84,CTD,jc214-SE-20210516.1356.001,JC214,5,1,23,1x,48.9712,-14.728,31
QE014815.mzXML,EXPORTS Extraction Blank 9,blank,NA,NA,NA,NA,NA,1x,NA,NA,NA
QE014816.mzXML,EXPORTS2_PQC_61,QC,NA,NA,NA,NA,NA,NA,NA,NA,NA
QE014817.mzXML,SG2105_17,CTD,20210507.1435.001,SG2105,500,1,6,10x,48.9215,-14.9568,6
QE014818.mzXML,SG2105_30,CTD,20210511.2017.001,SG2105,1000,1,3,10x,49.0052,-15.0265,8
QE014819.mzXML,SG2105_41,CTD,20210513.1415.001,SG2105,500,2,6,10x,49.1033,-14.7485,10
QE014820.mzXML,SG2105_42,CTD,20210513.1415.001,SG2105,1000,2,3,10x,49.1033,-14.7485,10
QE014822.mzXML,EXPORTS2_PQC_62,QC,NA,NA,NA,NA,NA,NA,NA,NA,NA
QE014823.mzXML,SG2105_18,CTD,20210507.1435.001,SG2105,1000,1,3,10x,48.9215,-14.9568,6
QE014824.mzXML,SG2105_12,CTD,20210507.0144.001,SG2105,1000,2,3,10x,48.965,-14.9412,4
QE014825.mzXML,SG2105_59,CTD,20210518.1819.001,SG2105,1000,2,5,10x,48.9518,-14.806,12
QE014826.mzXML,JC214_25,CTD,jc214-SE-20210507.1426.002,JC214,500,1,1,10x,48.9225,-14.945,12
QE014827.mzXML,JC214_13,CTD,jc214-SE-20210506.1658.001,JC214,500,1,1,10x,48.9155,-14.8012,9
QE014828.mzXML,EXPORTS2_PQC_63,QC,NA,NA,NA,NA,NA,NA,NA,NA,NA
QE014829.mzXML,JC214_1,CTD,jc214-SE-20210505.1816.001,JC214,500,1,1,10x,49.01,-14.8665,5
QE014830.mzXML,SG2105_35,CTD,20210512.1111.001,SG2105,750,2,6,10x,49.1063,-14.9967,9
QE014831.mzXML,JC214_61,CTD,jc214-SE-20210514.1404.001,JC214,500,1,1,10x,49.0657,-14.8167,28
QE014832.mzXML,JC214_156,CTD,jc214-SE-20210525.1459.001,JC214,500,1,1,10x,48.8173,-14.7163,53
QE014833.mzXML,JC214_144,CTD,jc214-SE-20210524.1626.001,JC214,500,1,1,10x,48.9065,-14.7887,50
QE014834.mzXML,EXPORTS2_PQC_64,QC,NA,NA,NA,NA,NA,NA,NA,NA,NA
QE014835.mzXML,SG2105_36,CTD,20210512.1111.001,SG2105,1000,2,3,10x,49.1063,-14.9967,9
QE014836.mzXML,JC214_132,CTD,jc214-SE-20210522.1414.001,JC214,500,1,1,10x,48.935,-14.7378,46
QE014837.mzXML,JC214_109,CTD,jc214-SE-20210519.1403.001,JC214,500,1,1,10x,48.978,-14.8217,41
QE014838.mzXML,JC214_97,CTD,jc214-SE-20210518.1403.001,JC214,500,1,1,10x,48.9503,-14.8528,36
QE014839.mzXML,JC214_73,CTD,jc214-SE-20210516.1356.001,JC214,500,1,1,10x,48.9712,-14.728,31
QE014840.mzXML,EXPORTS2_PQC_65,QC,NA,NA,NA,NA,NA,NA,NA,NA,NA
QE014841.mzXML,JC214_168,CTD,jc214-SE-20210526.1714.001,JC214,500,1,2,10x,48.74,-14.8723,56
QE014842.mzXML,JC214_180,CTD,jc214-SE-20210527.1310.001,JC214,500,1,1,10x,48.7835,-14.9123,57
QE014843.mzXML,JC214_192,CTD,jc214-SE-20210529.1317.001,JC214,500,1,1,10x,48.8215,-14.8387,67
QE014844.mzXML,SG2105_58,CTD,20210518.1819.001,SG2105,500,2,10,10x,48.9518,-14.806,12
QE014845.mzXML,SG2105_11,CTD,20210507.0144.001,SG2105,750,2,6,10x,48.965,-14.9412,4
QE014846.mzXML,EXPORTS2_PQC_66,QC,NA,NA,NA,NA,NA,NA,NA,NA,NA
QE014847.mzXML,SG2105_60,CTD,20210518.1819.001,SG2105,2000,2,1,10x,48.9518,-14.806,12
QE014848.mzXML,SG2105_69,CTD,20210519.0301.001,SG2105,500,1,2,10x,49.0743,-14.9973,13
QE014849.mzXML,JC214_139,CTD,jc214-SE-20210522.1414.001,JC214,55,1,16,1x,48.935,-14.7378,46
QE014850.mzXML,JC214_136,CTD,jc214-SE-20210522.1414.001,JC214,125,1,9,1x,48.935,-14.7378,46
QE014851.mzXML,JC214_134,CTD,jc214-SE-20210522.1414.001,JC214,175,1,5,1x,48.935,-14.7378,46
QE014852.mzXML,EXPORTS2_PQC_67,QC,NA,NA,NA,NA,NA,NA,NA,NA,NA
QE014853.mzXML,JC214_151,CTD,jc214-SE-20210524.1626.001,JC214,75,1,14,1x,48.9065,-14.7887,50
QE014854.mzXML,JC214_142,CTD,jc214-SE-20210522.1414.001,JC214,20,1,21,1x,48.935,-14.7378,46
QE014855.mzXML,JC214_133,CTD,jc214-SE-20210522.1414.001,JC214,330,1,2,1x,48.935,-14.7378,46
QE014856.mzXML,JC214_138,CTD,jc214-SE-20210522.1414.001,JC214,75,1,14,1x,48.935,-14.7378,46
QE014857.mzXML,JC214_137,CTD,jc214-SE-20210522.1414.001,JC214,95,1,12,1x,48.935,-14.7378,46
QE014858.mzXML,EXPORTS2_PQC_68,QC,NA,NA,NA,NA,NA,NA,NA,NA,NA
QE014859.mzXML,JC214_141,CTD,jc214-SE-20210522.1414.001,JC214,35,1,19,1x,48.935,-14.7378,46
QE014860.mzXML,JC214_152,CTD,jc214-SE-20210524.1626.001,JC214,55,1,16,1x,48.9065,-14.7887,50
